NEGERI,DAERAH
JOHOR,BATU PAHAT
JOHOR,JOHOR BAHRU
JOHOR,KLUANG
JOHOR,KOTA TINGGI
JOHOR,KULAI
JOHOR,MERSING
JOHOR,MUAR
JOHOR,PONTIAN
JOHOR,SEGAMAT
JOHOR,TANGKAK
KEDAH,BALING
KEDAH,BANDAR BAHARU
KEDAH,KOTA SETAR
KEDAH,KUALA MUDA
KEDAH,KUBANG PASU
KEDAH,KULIM
KEDAH,LANGKAWI
KEDAH,PADANG TERAP
KEDAH,PENDANG
KEDAH,POKOK SENA
KEDAH,SIK
KEDAH,YAN
KELANTAN,BACHOK
KELANTAN,GUA MUSANG
KELANTAN,JELI
KELANTAN,KECIL LOJING
KELANTAN,KOTA BHARU
KELANTAN,KUALA KRAI
KELANTAN,MACHANG
KELANTAN,PASIR MAS
KELANTAN,PASIR PUTEH
KELANTAN,TANAH MERAH
KELANTAN,TUMPAT
MELAKA,ALOR GAJAH
MELAKA,JASIN
MELAKA,MELAKA TENGAH
NEGERI SEMBILAN,JELEBU
NEGERI SEMBILAN,JEMPOL
NEGERI SEMBILAN,KUALA PILAH
NEGERI SEMBILAN,PORT DICKSON
NEGERI SEMBILAN,REMBAU
NEGERI SEMBILAN,SEREMBAN
NEGERI SEMBILAN,TAMPIN
PAHANG,BENTONG
PAHANG,BERA
PAHANG,CAMERON HIGHLANDS
PAHANG,JERANTUT
PAHANG,KUANTAN
PAHANG,LIPIS
PAHANG,MARAN
PAHANG,PEKAN
PAHANG,RAUB
PAHANG,ROMPIN
PAHANG,TEMERLOH
PERAK,BAGAN DATUK
PERAK,BATANG PADANG
PERAK,HILIR PERAK
PERAK,KAMPAR
PERAK,KERIAN
PERAK,KINTA
PERAK,KUALA KANGSAR
PERAK,LARUT DAN MATANG
PERAK,MANJUNG
PERAK,MUALLIM
PERAK,PERAK TENGAH
PERAK,SELAMA
PERAK,ULU PERAK
PERLIS,PERLIS
PULAU PINANG,BARAT DAYA
PULAU PINANG,SEBERANG PERAI SELATAN
PULAU PINANG,SEBERANG PERAI TENGAH
PULAU PINANG,SEBERANG PERAI UTARA
PULAU PINANG,TIMUR LAUT
SABAH,BEAUFORT
SABAH,BELURAN
SABAH,KALABAKAN
SABAH,KENINGAU
SABAH,KINABATANGAN
SABAH,KOTA BELUD
SABAH,KOTA KINABALU
SABAH,KOTA MARUDU
SABAH,KUALA PENYU
SABAH,KUDAT
SABAH,KUNAK
SABAH,LAHAD DATU
SABAH,MEMBAKUT
SABAH,NABAWAN
SABAH,PAPAR
SABAH,PENAMPANG
SABAH,PITAS
SABAH,PUTATAN
SABAH,RANAU
SABAH,SANDAKAN
SABAH,SEMPORNA
SABAH,SIPITANG
SABAH,TAMBUNAN
SABAH,TAWAU
SABAH,TELUPID
SABAH,TENOM
SABAH,TONGOD
SABAH,TUARAN
SARAWAK,ASAJAYA
SARAWAK,BAU
SARAWAK,BELAGA
SARAWAK,BELURU
SARAWAK,BETONG
SARAWAK,BINTULU
SARAWAK,BUKIT MABONG
SARAWAK,DALAT
SARAWAK,DARO
SARAWAK,GEDONG
SARAWAK,JULAU
SARAWAK,KABONG
SARAWAK,KANOWIT
SARAWAK,KAPIT
SARAWAK,KUCHING
SARAWAK,LAWAS
SARAWAK,LIMBANG
SARAWAK,LINGGA
SARAWAK,LUBOK ANTU
SARAWAK,LUNDU
SARAWAK,MARADONG
SARAWAK,MARUDI
SARAWAK,MATU
SARAWAK,MIRI
SARAWAK,MUKAH
SARAWAK,PAKAN
SARAWAK,PANTU
SARAWAK,PUSA
SARAWAK,SAMARAHAN
SARAWAK,SARATOK
SARAWAK,SARIKEI
SARAWAK,SEBAUH
SARAWAK,SEBUYAU
SARAWAK,SELANGAU
SARAWAK,SERIAN
SARAWAK,SIBU
SARAWAK,SIBURAN
SARAWAK,SIMUNJAN
SARAWAK,SONG
SARAWAK,SRI AMAN
SARAWAK,SUBIS
SARAWAK,TANJONG MANIS
SARAWAK,TATAU
SARAWAK,TEBEDU
SARAWAK,TELANG USAN
SELANGOR,GOMBAK
SELANGOR,KLANG
SELANGOR,KUALA LANGAT
SELANGOR,KUALA SELANGOR
SELANGOR,PETALING
SELANGOR,SABAK BERNAM
SELANGOR,SEPANG
SELANGOR,ULU LANGAT
SELANGOR,ULU SELANGOR
SUPRA,SUPRA
TERENGGANU,BESUT
TERENGGANU,DUNGUN
TERENGGANU,HULU TERENGGANU
TERENGGANU,KEMAMAN
TERENGGANU,KUALA NERUS
TERENGGANU,KUALA TERENGGANU
TERENGGANU,MARANG
TERENGGANU,SETIU
W.P. KUALA LUMPUR,W.P. KUALA LUMPUR
W.P. LABUAN,W.P. LABUAN
W.P. PUTRAJAYA,W.P. PUTRAJAYA
